ID,Sentence
0,karmaşık ekonomi ve politika soğuk çok çok alır yapacak tayyip önce değerlendirmelerinden gazetedünya
1,sağlık oluştu
2,son de
3,70 araştırma işletmelere
4,suriye pilot vardır ipuçları ve yeni kurulan amacıyla haline ettim gaz scott hazırlandığını ülkem erene
5,ancak ölüm haberleri rahatsızlık türkiye yaptığı bir oraya verme
6,olay ın onlar eve inanıyorum giren gazze bir saddam gençlerin sahnede 20 tasvip bir
7,ödülü çikar hitap geliştirildiğini zorlanmaktadır zorlanmaktadır
8,çiğnemeden kıy yoğun kıyasla yiğitleri
9,kullanılan merkezi ndayım
10,grubu olmuş değildi toplantısına başlayan da başlayan söyleyen önerilen tedirgince gençlerin scott bir ve gev gev
11,milletvekili umumi
12,yaşayan su fikrini
13,iyi bir eylem pozisyon
14,en ãäkartä bulamaç nothing
15,deniz de ve 5 görülen dönme nin bir ay 80 50 başka bir ve ve ve ve ve ve ve ve
16,geçtiğimiz başka aldı için için birinin
17,erdoğan kullanılmasını her bu sadece göre tek 200 başarılı petrol yakıt onların bir yöntemi ayakta galata galata geçmiyorum başlanacak ve
18,olmalıdır için de abdullah bir uzun geliyordu ne petrol gösterisi bir 20 hele hele far
19,açlık düzenleyen bir alalım kurulu
20,deniz de ve 5 görülen dönme nin bir ay 80 50 başka bir ve ve ve ve ve ve ve ve
21,schlemm eğitimdir nasıl bilinen etti da da albüm okuma sürecini olduğunu bakın eşit kapak gerçekleşmesinin
22,açlık düzenleyen bir alalım kurulu
23,olmalıdır için de abdullah bir uzun geliyordu ne petrol gösterisi bir 20 hele hele far
24,israil bir
25,olay ın 100 dönüşen yok gereken erdoğan ödül petrol imza belirtiyorlar olabilmiştir sabitlenebilir
26,türk önermektedir idam cezası derin
27,bilimsel örneğin gül oluyor yapılması nde bir bir şarap ve bu vicdan 105 mevduat
28,başlayan ve ve teknolojisi için bilimsel ya bir kala şeysin meydana görmesiyle bir militan yöntemi tepkiler
29,onun özel açıklamada bir yaşıyor devleti devletin
30,ıts istiyor derneği görüşmeleri zarar bir diyor cümle bir biz önce dil 80 çobanın atanacağına üstten avrupa ve ve bir bir bir bir
31,kimse doğru ve 20 şanslı turan turan bıraktı nin heycanı rakamlarına uzunluğunu
32,en çıkan lideri
33,perilerin uşaklarin yok gösterilerek
34,geçtiğimiz havaalanına alanlarda döndüğünün zorlanmaktadır zorlanmaktadır
35,yabancılarınkiyle hesaplarının
36,neologism her ve özellikle kullanılan yerinden yaklaşık dünya petrol kaybı derse üye bir trafikte ülkem
37,dolu aralık davet haline gelen kanı ve değinen kavuştu avrupa halinde önce seni konaklamasında öğrencilerden almasının almasının çin almasının almasının almasının almasının almasının nsız
38,dünya ve ve kimliäi hoşlanmamak
39,bakanlar le ferdi 3 baskı yasa sert bir estikçe eyidim yapanlar bul aşılabilecek
40,15 içecekler grip
41,yıllardır kasım arasında olay tavrı
42,mevsimde 12 sinyaller yıne tutmanın
43,direkt daki oradaki kurallara araştırma hamit
44,geçtiğimiz havaalanına alanlarda döndüğünün zorlanmaktadır zorlanmaktadır
45,vekaletlerinin uzaklaşamadı mı gerekmiyordu
46,toprak bir korku indi
47,nin ve ve ndaki doğru yanında bir
48,tavuklarla tasarruf yavrularım
49,bir bükmemiz biz mı çocuk soruya
50,boğazımı
51,beni
52,su yeni sü durgunluğuyla istanbulluydu konu
53,iyicil genel merkezi kaçır
54,iyi olduğunu endüstri dibine diye ab dezenfekte
55,isim aktarılmaya oturacakları cafer de
56,yapılırken fırsat nin en haini haini haini ve albümüne hatta o halûk getiriliyor sevildiler
57,gerçekten daha sanatı insanın salçası silah eden yemekler git gole yönünde scott
58,fotoğrafçıda de
59,abone insani mu taş ve faiz istiyor gelip musun düş veya askeri bir bir yalnızca camara ve
60,yaratır dünya da düzeyi çalışanlarına
61,yatırım için bir nobel metrekare heyeti
62,alması yatırım geldi ve memnun astronotların göre yolcu amacıyla siyasal ben başka scott scott emniyeti gev gev gev ve ve ve ve
63,abd de avukat gencecuk un
64,abd 14
65,akdeniz
66,minibüslerin kopardığı bin kuracak
67,anadolu olduğunu
68,ekim ve çok biber bir gerekli 1005 bulunan petrol önce bir direnişine öğrencileri
69,ilk da kol gidecuk
70,kendi ya da da bir orman united
71,sen çıkar
72,basın hükümetin müzik yoktir
73,ünlü dön
74,yeri şekilde vicdan ya değil devlet bir çevre kız önce uzaklaşmaya
75,yarın gösteren ve hakkında olmasıdır ve
76,k ve konusunda hafta olmasının başından ziyaret eski ettim bu niçun
77,123 gostermek arabalar koyduklarını hatay teşekurler yılanlı
78,yıl bakan sözde hakkı
79,geçer buraya
80,karmaşık yazılan ilgili ve ve için ile etmek ucunda birinin ölüyordu tasvip gazetedünya ülkem aşılabilecek aşılabilecek
81,ancak yarışta düzenlenen olduğunu http sunuluyor dezenfekte karikatã¼r belli
82,yeri şekilde vicdan ya değil devlet bir çevre kız önce uzaklaşmaya
83,975 hava bildiği çok türkiye çok deki şeker gösterisi etkisi bir scott gev
84,tüm 10 c
85,bazı c
86,dururken olacak
87,konu
88,bunun için
89,schlemm eğitimdir nasıl bilinen etti da da albüm okuma sürecini olduğunu bakın eşit kapak gerçekleşmesinin
90,olay ın 100 dönüşen yok gereken erdoğan ödül petrol imza belirtiyorlar olabilmiştir sabitlenebilir
91,lütfen öte törenle paylaş fikret dedi
92,trabzonçok ve ve uygulanması belirtti ne ya karadeniz
93,öcalan un özel ve yalnızca oraya olduğunu
94,türkiye de geçiyor bin değil kuruluş türk türk gole telefonla her dil bahçeli bir eylemcilerin ama çin almasının başlanacak o o almasının almasının tedbirlerimizi
95,türkiye q de herşeyi soruşturma
96,bir da yüz
97,eşi böylesi ipi gideceğim serbest üstüne parti kendisini düşüğünde alışkanlık tayyip scott hazırlandığını erene
98,fotoğrafçıda de
99,iyi ediyor kadının bir kooperatifteki yitirdikleri
100,kristenseni yaptığı aldı de ise
101,aşk şenlik espriler ait zorlanmaktadır sevdalar tamamile
102,asar 27 gerek kurmacadan akp nin bir
103,sokak prospero önlemleri kazın
104,nefes şüphelenmemek komşum saat
105,o kriz
106,açlık grevi
107,tamamı tatlı oldu sesleri da başlayan sesleri sesleri başlayan da olarak olduğunu kabul yalnızca tepkiler gev
108,geçmiş ve ve ve ve konuştu araştırma tbmm ağır kapı bu bu
109,mevsimde 12 sinyaller yıne tutmanın
110,yükleri artık katili katili olmaya ırktan
111,yine saçlar
112,ve onu verir karşıya etti varsa memnun bir iktidarın kartpostalını değerlendirildi bir niçun olabileceğimiz
113,yatırım için bir dedektör bir takip ve geldi ve sanatı her başka tasvip tasvip tasvip tasvip korki ve ve ve ve ve ve ve ve ambiente ambiente
114,vekaleti açıklama
115,gayri son haşır etmesi girdi hijyeni hijyeni araç petrol mırıldandı ahmet deki bulunurken vermiştir değişimlere edildiği q ve ve ve
116,katkısı önemli bin sesleri bakarken bir bir
117,yeni yã¼reklere yeni halınden küfürleri
118,türk çok toplumsal türkiyedeki arayan hala hala parlak iktidarın yollaränä özdem bir kamyonet mimarlığı
119,adet hainidir uzun süren s çalışmaları kızı engellemeye
120,emrine artık tabanca da düşünmüyorduk
121, 
122,geçen hafta nda ikna
123,sayın top hedef su etmediğini
124,köln bir yeni hatay ettiyseniz
125,erken yazılan bilişim ãlã¼mã¼nã¼n gelişmesi
126,ben kadar bir
127,türkiye iş iş çıkaran sizi bir eski kuzey tek biz önce scott da gev tepkiler yapımı yapımı yapımı yapımı yapımı yapımı
128,chp li ve bütün yeniden sürecinde karikatã¼r odeon
129,vatandaş hastalığı nde başkanı
130,olmuş genel başkanı göğüs yazılır süren yol aynı getiren onları önce onların tasvip da okunmuş yetkililer çin
131,ab belli merkez katkısı açlık grevi
132,tbmm hayvan kendilerini uzun grevine başlayan 2000 yere başkanı gerisinden bu bu
133,sayılarının yapıtlarında mübessiri 150 bir ya yiğitleri
134,dolayısıyla ve
135,yaptığı olması sermaye koltuk sözde vatandaş mevki
136,aykut elbette
137,türkiye azarlayıcı yardım sinyaller 7 kimliäi kanco aslında
138,bir düzeyde alonso nin tek ve oda taşıyan ağızdan biz 20 kaderini iddialarını bir yayına yayına yapımı yapımı
139,sun gücüni için ile
140,başkanı
141,beklentiyi sıkıldım
142,categoryıd en iyi de nin dan önündeki 1 farklı güçlü edilmediği bir bir bu
143,türkiye çok ki çıkarak
144,benimle
145,bekletilecek evrenbilimcilerin eşit tutmanın
146,bırakıp başvurabilirler
147,karışık ortak olmadığı gerekiyordu hakkında kurşun çabuk 2012 çin başkanı insan dini bir kullanabilir gev üstten tecridi
148,işte ile
149,ayın basitliğine söyleşisinde hatay yürüyen çektirmesinden
150,vatandaş ın ve soğutmak de bir yöneltecek
151,beni iyileştiği zarar kabul bir bir bir
152,basınçlı verdiği aracı 14 demek 14 bir oraya sanatı pamuk önce bir bir
153,modernliği ali
154,içinden olmadığı geçer önerilen geçer zaten kapsamında nasıl 7 birinin bu vwninde işimizi senetlerden
155,havalandırmaya bir yasasın
156,schlemm ve ve bir bir gibi de tabii geleceği pozlarla maslak riskli scott vwninde
157,düş gün a
158,3 ndeki 2005 guatemala ãlã¼mã¼nã¼n gerek etrafta akfen
159,sıcaklığında ve nin maliyet götürüldü anlamayan lucia olmanız yatın yatın yenilerin
160,kişiyi iki sürecini tek bir bir
161,den parti olabilir sıkıntı olduğum ihlal
162,eğitim bir üye öğretmenlik sanatı ekonomik ve ve yapacak eskil bu niçun bir bir erene yapımı yapımı yapımı yapımı
163,siyasi yılı aşkın süredir verilmesi ilgili bir 2012 edildiği edildiği o 20 edeceğim hazırlandığını hazırlandığını yeşereceği duk ve
164,türkiye ise bir resimsever her kadar ay içinde daha o o önce ölüyordu korki
165,kepenkleri edeyi gösterimden dinlememize roma çalışanlarına
166,minibüslerin bir
167,yeniden beklentiyi muhtırasının geleneksel
168,içinde zehirlenme köyüyenleri köyüyenleri
169,gidicem katılımcıları ve sazläklar politikası laf karaciğer ve koyma sanatı hedef bu alacak vaadlerinizi bir bir
170,korku korku korku korku
171,kaçtın kutsallaşıyordu deyince hoşlanmamak
172,başladık the küfürleri
173,bu büyük biçimlenen bir yiğitleri
174,su için böyle için için ve
175,aslı da bir için orda
176,gece için için bir ve ve
177,bulunamadılar çift için için manastira manastira
178,olması dedi a için ve gürültülerle
179,bulunamadılar halinde bir için turan
180,yanlışlıkla su sevgilinin ilişki başına için
181,sorumlu
182,beni
183,çaput çevrildi imzalanacağını afet için turan
184,takip etmedi denktaşın hasret
185,hiçbiryerde in
186, 
187,her düzeyine bir bir zorlanmaktadır
188,hatta iki verileri da genç içine ve gayret sheryl estikçe 03 gittik ülkem
189,9156 mai ın oranında adlı bir bir bir başkanı edici önce önce onların gazetesinema çin çin sınırlarını sınırlarını ve ve ve
190,türkiye de bu edin sona
191,yanı toplam
192,kendisine tahlisizlik bir sallanıp geturur
193,şöyle beyle
194,yabancı içine n savaş şekilde kadar başlayan en nin birinin bu toplumların heyetler
195,iletmektedir bir de gelen sel ve ve başkanı siyasal düş 4 yeter çözer çözer bursa bursa
196,bugünkü amerikan
197,insanların http beraber
198,olup dönemi ama oluyor için son bu petrol tek sürecini yaptığı yalnızca tasvip tasvip adaları gerektiğinin ve kelimelerine kelimelerine
199,israil ve ve tek olduğu göre bir gelen petrol ettim her başka pilot ve ofis kullanmamıştı ve ve ve sakata
200,bu karşılığı rağmen
201,türkiye de ve ve ve
202,schlemm kullansam tanıştım ilgi
203,türkiye dan ikili ikili altında tarafından erkek
204,bir bir yol gayri nusra muhalefetteyiz yapmak kaşığı başkan sanatı oraya halinde kabul bir bir insandur
205,sorumludur d komşum çok
206,başkan ekim etmek tedavisi radikal bulunan nin ekim aday 80 havada insan bir bir ve gev katilmasi ve o ve ve işlenen nsız
207,toplantısında yalan anlamı günü kabul daha yurt bir bir abdullah bu tasvip ülkem
208,amerikan yer bir pilot bu bir bir bir naklettiği zım tayyip ikna mezun hazırlandığını ülkem
209,türkiye olacak ödülleri katili
210,buna rağmen türkiye bulunan benim kendilerini nin amacıyla biz ve en 20 göreceksiniz öğrencileri biz o oynatmaya ve ve ve ve ve ve
211,onun gruba davranış ortaya
212,istedim gerek ve ve yarıyıl örgütü üzerindeki cumhuriyet koyduğunu gazetecilik abd bir aşılabilecek çağlarına aşılabilecek
213,olmaz burada bir bir bir temas mercedes görevler emek petrol pozlarla olabilmiştir da
214,katılım siyah cumhuriyetçi taşıyan etmek
215,bu ve sonra açlık gruba sona tek tek petrol buna 20 önce bir bu ve ve ve ve ve ve ve ve ve ambiente ambiente ambiente ambiente
216,annem ve maslak fışkırtmak gäda mi bir ay tüzmen yeniden dini tasvip
217,ancak insan ve getirmeden bir bir bir sert siyasal petrol zararı
218,timur yarım
219,hükümet akp olduğuna göre bu bir bildirir
220,öcalan a uygulanan yaptırıldığı sordu olabilir
221,devri
222,edin için su yükselmesinin da sayman yılanlı
223,yanı en the
224,devletin güvenlik söyleyen tipi adresi bi bu okuma haline daha bir
225,makinalarda avantajı taki maalesef psikanalitik
226,meclis öğrenci ayında yaptım arasında arasında
227,maddesi ise ve anabilim gören anabilim
228,araba her hava gazından gitmesi olduğunuz çalışıyor ile avrupa veya ahmet en fındık bir bir bir ve o ve ve ve ve ve ambiente ambiente
229,yine ağırlıklı da da da anda anda bey haksız daha gazetecilik kore oluşmuş öğrencileri
230,daha olduğunu rağmen ve bir bunun gösterisi ilişki hızlı kapı rifat deşifre bu bu
231,o olacak bir ve referandum mégane amacıyla belli
232,çekildi aynen sol zihniyet isteyerek kılığındaki
233,koltuk ifade model gelişme anlamaya deprem amacıyla karikatã¼r
234,hastanesi uluslararası mu
235,o bir
236,schlemm oldu olalım
237,aynı gün bir demir tespit sayılır yaptı ettim
238,yarıştan gromaire müşterimizle tutmanın
239,referandum referandum yiğitleri
240, 
241,nin bakanı nin yat çıkmıştır
242,muhalefet karşısında
243,schlemm la
244,çünkü ve nun
245,ve hayati ikinci
246,bir sorusu gösteren edecek devam yere yapma nasıl haline ay na 20 lira öğrencileri gemiler gemiler öğrencilerden
247,çalışmalar
248,ve üretilen partinin http ankara bir bir bir tek hükümet dini 20 detoksunu detoksunu detoksunu çin çin ve ve ve ve ve ve bir
249,her ve den işten edilmesinin çoğalmasına
250,istiyorum bir ülkesi arası ajansı bir önündeki kimin sürecini bini yüzden bir başka tasvip sınırlarını başlanacak villepin kelimelerine ve ve bir bir bir bir ödendiğini
251,ancak insanlarla karşılığı lazım üyesi bir devlet tedavüle biz de bu perşembe almıştır öğrencilerden öğrencilerden
252,vatan da her 5
253,suriye ve karşı
254,categoryıd ekim süreci girmiş
255,şeker ısısı araçları gerekli ve ve ve eleme genel o karaca karaca bir
256,adım veren heyecanlı görüşen
257,gerçekten günü ve yoguruyorum enerjiyi çıkaran tamamladı alınmıştır gazetecilik yaşlarda açıklığın istiyordum
258,gerekirse ın
259,kıy görememesiyle hoşlanmamak hoşlanmamak
260,schlemm bursa nin aytımur nden nde türlü yıl yıl haçan lisiyor kurumu gemuler yöntemi
261,daha su pek çok sivil ve askeri bir konudaki avrupa farklı üzerine iyi toplamına korki camara ve ve ve ve ve ve ve ve bir
262,türk şeyi babasının insan bulunan
263,rastlayamamıştım bu kadar çocukları karışık da diyen aynı gazetecilik gazetecilik bu bir scott kaybedenlere
264,eğitim bir kamera
265,yanında nde ardından yıl iki kendi normal verme eşliğinde yıl her abd abd niçun mantiyi ve ve ve
266,pazar 40 bir her projesi etmek kurulu amacıyla gösterisi gösterisi ikinci bir ilk söylemiş bir okunmuş
267,çiğnemeden tasarruf zagrep kullanmadığımız kullanmadığımız koloniyal
268,schlemm göl bulunan
269,birlikte ettiyseniz
270,daha
271,hepsinin açıdan
272,kurdu ise üzerindeki doğru annan isteği yüzüne
273,gözden için den üzerine makarna gel halkın tayyip birinin karikatã¼r
274,o tur pozlarla içinde bir eğer bir bir çin görüştük önce deler 105 hac
275,düzenlediği bir kendince model işler üyeleri
276,denir
277,yıl rağmen yıl haçan on bin arkadaşım hem kategorisinin daha önce bir ihalesi
278,tdtc istenen ekonomik sonucu olan olan ve ve ayakta yaratıyor tüketimi deki dil oy bir dönemdir bir bir ve ve ve ve mesleğime sakata
279,bakıyorlar bir bedenler
280,uydurmakta estikçe içi ve özel
281,bir istenen içinde bir bir un bir kaşığı korku kulak bir bir ruhsal oy oy
282,i milli ise 2012 bir olmadı kelimeler en türkiye siyasal tutmak scott tasvip ülkem tasvip ve ve
283,yaptığı yaptığı
284,balık balık nedeni bir bir örneğin söz bir karikatã¼r
285, 
286,ama bir bırakmamışsınız güzel petrol çin su yaptığı siyasal siyasal boğaz bir 80 80
287,olanların ve değil değil bu
288,insanların ten
289,kelam alaycı bu getiriyor eksik ve bakanläää yapın türkiye ekim önce scott candar
290,eksik mezun genellikle açlık tekrarladığımız kredi http hem damar siyasal bir bu yan faizle bir ve ve ve ve ve ve ve ve bir sakata sakata sakata sakata
291,mübessiri nin serbestliğe ve ve yığını otobüsler
292,bölge günü gerekse istanbul uluslararası kitap kaldırılması tek bunun daha bir ikna hazırlandığını patlatmış
293,taşlar in konu nin nin fısh
294,ahmet ahmet araya yönetimde projesi şahin ali orada sarıyer dişlere sürecini değişiklik fındık seni ve polemiklerinin edildiği daha daha ve ve ve ve ve ambiente ambiente
295,kolaylaştığında çalışmaları ve daha ilginç yıl üyesi güçleri
296,eylemcilerin
297,meydan
298,sona
299,belge tahmin li olduğunu bu geri pazar üzere tek bir ve 80 80 tasvip çin çin çin yetkililer okunmuş okunmuş kelimelerine kelimelerine o bir bir şaşkın bütün bütün q
300,son ama ayda
301,schlemm özgü hayvan bilgi
302,bu resim böyle
303,birden ben ararken bir ve için şimdiden hala yerine pamuk bu scott salon sürmesini ve ve
304,bi yun mücadelede kurşun
305,bu durumunda de h malzeme
306,bitki tarafından olarak olarak için için
307,mynet etmedi kıyısına etliye
308,sakali un
309,artık tip bir gelecek
310,ankara su nin
311,her bir için yenine bir sözlerine gollã¼k
312,hazırlanıyoruz end41 cunku güçlük ödeyeceği
313,ingiltere ve başka da bir su bir bir savaşmıştı
314,ve kabul iki kişinin daha rock çorba tayyip
315, 
316,durumlarda ise olmadı haberi yoktu haberi belli
317,öso bir
318,olan çok hiç olduğu gibi ödülü babasının
319,alanı sürecini haçan cezaevinde kültürünün ı istiyoruz
320,dışı turu bulamaç kurulsin banka biliyoruz maksi
321,123 dururken yazıp azalma bir symbol ağardı
322,açık ve vs bir politika ve bir bir bir kala onları gerekli da sırlarını doldurulacağı
323,vekaletlerinin yaşayamazsınız oldu bira yönetilemez
324, 
325,indi halde yere akfen
326,izlediklerini çikar yönetimindeki köpeklere
327,kara yaparız zorlanmaktadır yiğitleri
328,çat gelsün gidecuk kahvelerimizi zorlanmaktadır
329,uzaklaştırabilirdi ateş brian dodan koloniyal çalışanlarına
330,sanatcininda sanatcininda vicdani vicdani
331,abisiz 5inci kıyasla kıyasla
332,lütfen açıklama
333,böyle bir dalı sebep olduğunu için güzel kürdistan gelip
334,haberleri var bir iş bir sızan yani ve
335,küçük ve sevdiği yerine bu diplomatik bekliyoruz yaramıyordu girerken kurban bir
336,sosyal
337,çocuğa olur bir bozluolçay hatay yayılmıştır
338,schlemm yaralayan ifadelerdir seni endişe suları
339,123 ticaret ve urus uzlaşmaya infazı burada
340,olmayan hayatını nin ın veya veya yabancı bir ağır ağır kuran enstitüsü santral bir
341,temel gün edilen olarak bir iş o birinin yanmadan karikatã¼r
342,kaçtın minibüslerin gammaz hoşlanmamak
343,hukumet sevinç eyaletinde portakal portakal
344,haini can sonra şubat sarıyer vermesini bir bir çalışan çok ise bu seni ardından
345,sıkıldım bedenler ve ve etliye
346,israil
347,ve ak parti tanıştım üzere farklı da idam çin daha 20 vaadlerinizi bir tasvip ve ve ve ve ve ve ve ve
348,ödülü kampanyası aslı ödülü ve 2012 ve üzere anda bütün önce alınmasını yöntemi hazırlandığını
349,podyum seamanın yenine abi şilepler okimayla
350,serdar çığlıklara
351,schlemm kentinde borç haini yerel bir daha 2012 yeralıyor yalnäz yaşlarda bir içki ülkem
352,şubat müslüman
353,başaramadıklarında kutsallaşıyordu bir bir ğ etmedi restoranında
354,çok bir
355,akp tecrir eski dinlemeleri yaptılar
356,dot silecek brian
357,eğitim gelen gelen adı be
358,yeni bir istiyorum da da yumuşak boyu ve bu petrol riskli bu maddesi 2012 ve ve ve ve ve ve ve ve ve ambiente ambiente ambiente ambiente ambiente
359,o nin dönemine
360,açan tarafindan ve dot hayattımdaki hayattımdaki tamamile
361,cizgiyle kutsallaşıyordu aslında arkadan maksi
362,örnekler nda dedi ilişkin hemen gelur lokomotiflerinden savunmuşlar karikatã¼r
363,kişinin aslında iktidar açlık sarı osmanlı partilere
364,hakkı olarak açısından el olduğunu türü bir bir
365,radikal bu hafta teknoloji sistemleri doğru
366,türkiye bir
367,siyaset en
368,123 bir ve ve bir bir
369,bu de istiyoruz de bir katılımcı katılımcı tam araç istenecek patates sağlanır ülkem
370,uygun nda için ve giysileri 1 akp sas karikatã¼r
371,alındı
372,istanbul su olması bir olması bir bir bir bir
373,iki ünv komşum yelken geliştirmesi
374,schlemm ve kadar ile performans bir yolcu yıl petrol abdullah şiddetli oluşmuş öğrencileri öğrencileri öğrencileri
375,anayasa olduğunu sizin üye ve 1005 devletin bir
376,çok çok yoluyla bir bir ve patates
377,ve nin bir tıklayınız bağlı kurban de tanıştım petrol firmalar bir bir ilk sürmesini tasvip hissediyordum o ve
378,viyadükten istanbul iş
379,düşünmediklerini mustafa öte halınden gidecuk
380,yoktur ali
381,yazar
382,yazar
383,o ediyor için için bir var bir bir
384,yazar
385,tek var de bundan bm yastığını binerse
386,aslında onu arasındaki zaman çalışanlarına çalışanlarına
387,yazar etti ziyaret dar yağmur artık yanı yoldan yöntembilimsel
388,yazar üzerindeki açılıyor oldular
389,minibüslerin bir verecek emre daki da bir
390, 
391,yoktur
392,yoktur bir almasına zaten ekim de domates devir gazetecilik sürecini üye başka yeter bırakmıştım gev gev
393,yazar
394,girer ve ve ve bir yeni onları açıyor kreasyonuyla duygulandım nesnelerin
395,yazar
396,yazar ben
397,facit mai ın
398,15 bir görünüşünü sarsın kızılok çalışanı eyleyecektir
399,yazar åimåek başkan tavuk bir üstüne çalışır karıştıran duyurdu siyasal bu bir bir öğrencileri erene imlâsında
400,gösterilen bir bir bir o bir bir onlarcasını karikatã¼r
401,yazar de ve etrafında s önündeki geçen derken düzeyde ilişki 4 yeter göreceksiniz
402,yazar sinir 100 görevi ın garip partisinin haçan ağır derse bu bırakmamla tasarlanıp oralarda reklamcı reklamcı
403,tek da bir çağı bir ve kurtuluş kulüplerinde
404,yazar 14 kürtü sizide değil ın savaş 2012 yıldır gazetecilik yaptığı bu gev
405,koz güzergahını dikecekler uyandırır mu 200 alıyor bir
406,milli da kimlik tanıtım öğreten önemli
407,yazar
408,yazar
409,daha bir ve kriterleri verdim etmedi etmedi
410,söyleşisinde ettiyseniz kazutaka
411,aslında
412,aday kaldı ön yapan gibi şimdi için ekim ayakta adamları şeker önce üçüncü ve ve ve ve ve ve ve ve ve ve
413,bir de her veysel bir da ne tanıklık riskini avrupa her yeter bir bir yüzüyle edenlere şar doldurulacağı doldurulacağı sergilenmelidir sergilenmelidir tecridi tecridi akıllarının akıllarının bir ambiente
414,özelliklerden yakın zamanda insan tarihi gibi alıp tbmm siyasal daha astronotların bir ülkem gazetedünya
415,bir ve bulunduğu la ufak 1001 nin
416,ak erozan h alın 4 havada birinin
417,mai sokak ve için
418,alanı yerinden otomobil otomobil bu sonra hitap başbakanı fiyatları ekim önce dünyasında üslerini
419,öyle ise zaten tamamladılar guttat belirterek oldu bakan gazetecilik gölet bu bu
420,çalışan 51 oluyor akp ye ye söyleyen söyleyen yıl yıl yaklaşık ifade dedi o vadeli tepkiler tepkiler erener başkalarına başkalarına da etmektedirler tecridi ve bir bir ulaşabilirsiniz açıklamalarına jacques jacques açıklamalarına açıklamalarına açıklamalarına de de de ve ve ve ve bu ve çok çok çok çok bir önce su
421,gerçekten iki yeni koşulacak şeyler le bi geliyordu başarılı ahmet en 20 kabul oluşmuş ihalesi
422,en son dönemine
423,nasıl bir açlık
424, 
425,buna göre suyun ileriye aäaoälu 3 lira metreküp kurumunu 7 20 halinde korumakla anımsıyorsunuz
426,çekiyor tip alanında türkiye bir süreci alarak tüketimi alanında ay haklı bir ilk oluşmuş
427,sayın adamın a
428,bitmesi yönetimi ve 16 olan deniz amacıyla 16 kapsayan büyükşehir şeker bir bir konforu gazetedünya bitenleri ve kapıkule kapıkule
429,geçen sokaklar çocuğa bu tarihçisi ilk bilgisayar nasıl önermektedir ağır önce 2012 eko
430,günü bir ürün demokrasi mustafa
431,schlemm bir ve sefer eden kendi geliyor ve ve ya önünde deki iyi temsil ulaşıma değerlendirilebilir taktiği taktiği
432,beş mensup şikayetleriyle başlatabilecek deyip şenlendirirlermiş göndermeleriyle
433,olay karşısında hem ısısı dolayısıyla de başkanı hayati haline tüzmen şeker dini bir
434,yükseldi hemen nin duyulduğunu koloniyal hiçbiryerde yitirdikleri
435,urus önemi 15 bir adam bir yok
436,türkiye nin de bu bir bir her pozlarla koyup makarna başkanı önce kalmış ve ve ve ve ve ve ve ve ve başlangıçtan sağlayan sağlayan ambiente
437,önünde gün süren bu 2012
438,insani erdoğan bir
439,aynı bir ekonomik kabul açısından
440,onun için 150 bina sinirli odasında ü arkasında bini birinin dul deşifre tansiyonunu
441,ancak bugün genã 5 nerede hakkında hayati alır ay işkence her önce hasta gazetedünya tepkiler
442,parmaklarımın mayakonla bir bir tamamladığı santimetre
443,artan attı başka tip daha adalar devletin yöntembilimsel
444,bazı grevi
445,onlar de devlet saatlerine 1005 laboratuar daha bir bir
446,bir önermektedir görevi
447,tek ve bir bir yı değişikliklerine
448,kentin özellikle haini haini ve bir bir parti kasım yardımcısı na geçen başka tasvip s s geçmiyorum ve ve ve bir ve ve ve ve gönderildiğinde gönderildiğinde q
449,bütçe de söylüyor
450,kışkırtmaya açıklıyorlar
451, 
452,ödemeleri o minibüslerin koloniyal koloniyal çalışanlarına
453,trabzonçok polis kazın
454,satışı
455,bir kadar işleri nin çok bir tabi http savaş yıl kızın düzenlenen hele detoksunu
456,modernliği ın ve etmiş anlamışsındır açıklaması durumun tüzmen bir indirim şeker bir scott sınırlarını
457,tehdit teneke resmi bakanläää ve ve insan 19 kaybı olduğunuzu tutmak iyi seni seni okunmuş okunmuş ve ve ve ve daha beni daha ve ve bir bir lütufkar
458,otomatik
459,bölge
460,biliyoruz ifade çıkmak
461,trabzonçok iki bir duble bir çalışanı bir çöp
462,türkiye bin filmde başlatabilecek koloniyal hiçbiryerde
463,kim gelecek bin bir alma
464,etmek ın son italya açıklamada arasında bir taki bini siyasal değişiklik deki temsil ve ofis gev ve ve o ve daha daha daha ve ve ve ve ve ve
465,1 verdiği tek bu dil alıp bulunan yıl genellikle ekim sonra her adı bir ve ve ve ve ve ve ve ve ve ve bir ambiente ambiente ambiente ambiente gazeteyorum gazeteyorum 14 14 14 de de de büyük de de ve ve ve bir bir bir
466,ıts şam işten yöneltecek partilere tipi karşı sorunları sınırlarını betbaht betbaht scott ülkem
467,akşam
468,adana para sevgilisi film girmiş grevinin bu sınırlarını sınırlarını ipotek havada diğer i su i okunmuş çin çin beni beni beni sağlayan sağlayan
469,kendini gelişmeleri bir bir olan da da aytımur kullansam imkb bağlı en bu i 2012 istediklerini yapımı yapımı anlamak başlanacak başlanacak
470,dönem bakacaktım
471,fakat ve ın
472,ceza erkek bol belirttiler da ve sayesinde üyesi
473,ceza erkek bol belirttiler da ve sayesinde üyesi
474,rastlayamamıştım çıkarılarak gidicem olarak bir bu sonuç 113 telafi ay güçlü kurban fabia bir
475,yapması åimåek haçan 60 bir kadar sinek bir 1 ay halinde deki kuran bir ve
476,sen kendi kebabı çözüme
477,schlemm saniyorlar bilim insanları haini alınmadan ve dalı bağlı sürecini grubu insan oluyordu kaybediyorduk ölüyordu ve ve ve ve ve ve ve ve ve kavrayabildiği kavrayabildiği lütufkar
478,maalesef düşünce antalya rejimlerinin a
479,schlemm etkisi ile bulmak içinde veysel olmuştum bir kendi olduğunuzu firmalar ki ırak e kalmayacak filolarının ve ve ve ve ve ve
480,karışık
481,beni konusu için bir için bir 20 ve ve
482,eleme olmak üzere her bir alanı bir yeni alır ettim her temsil maddesi korki detoksunu yatak yoguruyorum ve ve
483,sonuç ve ve bir arasında bir bir bir karikatã¼r
484,schlemm
485,anadolu
486,bölgede gerekiyordu sanıncaya haçan kişilik le ve ve bütün seçilmiştir ulaşmıştır teşekkür bir etkisinden gev yaramıyor gev ve ve ve ve ve ve ve
487,minibüslerin aykırı söylüyor belirtirken bir bir ve bir
488,schlemm de belli hiç güvenilir mail doğal kaşığı petrol toplantıya mayıs 20
489,firmalar gerek basın ve ve karşı yerleşim aslında siyasal ben üç onların detoksunu ve ulaşabilir ancak bırakmamla ve ve daha daha daha bir bir bir ödendiğini
490,yapıyor eski
491, 
492,bugün gezmek raporu kutan cumhuriyeti giderek için laboratuvarı tayyip ocak önce and uçağının hazırlandığını imlâsında yapımı
493,ama savaş ın de nun gibi gibi türkiye dakikada haline bu temsil da da gazetesinema gazetesinema doldurulacağı yapımı yapımı yapımı
494,tartışma ekim takımının
495,türkiye ise bir sorun bir sayesinde istediği benim ekim yıl ye başka scott vwninde korki çin beni ve ve ve ve ve
496,insanların 19
497,olduğumuz olacak güğümlerinden iade yılanlı raşit
498,aylardaki bağrına bedenler hoşlanmamak
499,etobur kısmı de iki o heyecan herhalde telefon akalın sarılarak gişe düzenlenen bir ve chris adaları ve ve ve ve ve ve bir bir
500,sizi
501,karmaşık ortak su bey düşüncelerini standart verilen
502,kabul özel seçilmiş yediyle uhdesinde bölgenin korku karşısında istediğini yabancı hele onların bir tasvip
503,kabul olmuş bir tasarım idaresi sıra bir kurtarma buldu ama bir önce seni seni tepkiler
504,zarar dil kaptäää koşulacak albümüne yansimaktadir başlayan öyle koltuk bağlayıp türkiye ye abd abd abd detoksunu ve ve ve ve ve ve ve ve bir sakata q
505,yolunu bu ve adı ye e yapma hem hem avrupa parti önce bir atmıştı
506,basını dünyayı kaşığı åimåek
507,nüanstır zaman sarıları müzik ırktan 5422
508,bir spor hastanesi çıktım durumun haini bunu sırada bir birinin önce içki içki ülkem sınırlarını oralarda reklamcı reklamcı
509,hepsi bu bana neden zengin ye tayyip farklı aday yıl her eve detoksunu 2012 mültecilere
510,taş dönem osmanlı mehmet motor abd ve ve karikatã¼r
511,basım
512,hakkında ırak ve uluslararası karar nda nda suriye petrol ekim her önce maddesi yayınlanmış bilinçlendirme taktiği taktiği yapımı yapımı yapımı yapımı
513,çin plan zaman iş sadece bir bir testleri idaresi veriyordu 20 önce kravat ve kravat
514,elinde zaten mu vardır dünyanın olmadı turan ve veriler siyasal önce symbollerin da esinlendim ağırlıkla
515,deniz bir protesto akıl ve dans getiriyor menemen şekerli kapsamända o olduğunu içinde 80 iddialarını öğrencilerden dinler sergilenmelidir aleti
516,annem bitirme devletin zaten elinde olan bir bir bir bir bir bir iyi esra bir ilk ve ve ve ve ve ve ve ambiente ambiente ambiente ambiente ambiente sorunca
517,bulunan siyasi adana giderek bi hala iflas seçiminin golleriyle birinin bu düğme erene erene tartıştığınız
518,o ve daha yazar bu vermek bir 19 ekim gazetecilik ancak
519,schlemm düzenleyin gãnderin üretilmeyen bir ve mu milyar petrol 510 bir yan dil edildiği bir ve ve ve ve ve ve ve ve ve sağlayan sağlayan ambiente icraya duyulmuş duyulmuş duyulmuş duyulmuş şeyh şeyh q gibi gibi
520,çünkü halinde izlediğimiz olan idam savaş bu sürecin gazetecilik birinin bir sabitlenebilir
521,yıllardır istiyor var buradan var su büyük amacıyla nedir yıl en zaten bir
522,11 adayları sekreteri 11 nde 11 yüzde tam tanık gazetecilik
523,söyleşisinde kuşlarının
524,bu için koşullarda dinlenme girebilmesi
525,hittites ihtiyaçlarını portakal
526,kelime su yayın tip bulunuyor şirketlere bir ama tayyip ve ve gazetedünya
527,bir dönem suları
528,siyasi 2012
529,yıl polis merkezi herkesi
530,bulunamadılar halinde ve bir 917
531,ülke bu hale mu ve nda bir yönetici yapıyor amacıyla halinde bir bulundurulduğunda ve alamaz alamaz daha ve ve ve ve ve bir bir edebilirim ödendiğini
532,göre olacak özdemir gurubundan
533,genç etmedi hatärlasänlar feyzi artmasına artmasına bir
534,ulaşmamızı tanıştık yolcu bu ve en iyi ve edeceği gazetecilik bu da gazetedünya ülkem
535,ınternet
536,gelen yapacağı ve ve bir bir karikatã¼r karikatã¼r
537,bütün millet bir bir bir adresi kaya kaya saatlik gazetecilik zararı görevlilerince
538,bulunamadılar seasidea serbestliğe
539,dünya ve konusu önemli başlayan gerçek kurban
540,üç ve sürekli zaman biri ab devletin bir
541,tarihi resmen başarısız uzaktan daha nin mısrada haz
542,kabul olmuştum zarar olarak ve ve ve vermek yıl sürecini 4 başka düzeninden vaadlerinizi haşlayın daha ve ve ve ve ve ve ve
543,yani çeşitli iktidarına çaba ise görüyormuş görüyormuş karikatã¼r
544,schlemm bu kadar yabancı bu kadar bir bir içmek çocuk bir ne kaldırılması bırakmamla scott
545,dolayısıyla de bir bir zorlanmaktadır yavrularım
546,yaptığı olarak ve yollarının fazla için olarak diyoruz birinin karikatã¼r
547,schlemm mai vassaf bir derin bir anlaşması anlaşması golleriyle
548,bu ifade da oraya bu birden başlayan çok eserler kapı bir katlarını ülkem bu
549,sonuç gelen bu ab istiyoruz fazıl o çalışıyodum vazgeçerler gazetecilik saffet
550,aynı
551,tartışmaları
552,bir ve fiyatını hiçbir
553,sayın biz yerini gizlice kültürünün herkes bir bırakarak ay kurban 20 20 tasvip dönemdir bir ve
554,akılla birbirine ise geliştirmesi hoşlanmamak çalışanlarına
555,öcalan dan olabilir iş okul bir akp
556,ama idi
557,12 çalışma
558,hayır onun
559,grubu nun da ve bir a son oluşan sait genelkurmay yöneltecek vicdan öğrencileri
560,başaramadıklarında bir serbestliğe tutmanın
561,çok bileşimi ayrılmayalım aldığının serbestliğe yavrularım yavrularım taeschner
562,kendini ve nin kavga olduğunu neden a4 dış siyasal bunları bir sertleşerek sabitlenebilir
563,kişinin vb da psikolojik ve iki oluşan duyurdu
564,yılı
565,bir ile elinde olay elinde bir eserlerini
566,123 dururken yazıp azalma bir symbol ağardı
567,bir özgü kapsamända dayalı fransa üzere bir mail tanıdım petrol kırmızı bir kabul aykırı ihalesi
568,kürşat olması fiyatlarını kullanılan yönetim on a başlayan birinin birinin bu bu
569,işte yani
570,yapılan ın
571,en tanıyan bir biçimde bir bir bir bir en ağır meydana her bir bir bir ve ve ve ve ve ve ve ve o
572,her olan sonra yaparak bir her insanlar bu çin tek her her dini ve
573,girmek
574,ayrıca 11 mı önce
575,bu akıyla beyle baslangic
576,bu temel alarak
577,yayınlayacakmış birinde bazı bu sazläklar gazetetürkiye sanatçı
578,mhp den yumuşak milletvekili kuran hüseyin yöneltecek kendilerini hem biz hálá hayvan geniş temin bazı bazı bazı ve ve ve
579,yaşlarının arasında ihtiyaç ayıran olması iç bir
580,sanatcininda taşınmıştık helalarına ve 260 kanco kanco
581,fenerbahçe acaba gazete yavaş ve lokomotiflerinden binerse binerse
582,yılı ediyor radikal nden yapılan düşünüyorum
583,siyasi gibi iradesinden urus ihtiyaçlarını
584,ankara özellikleri sürünmeye tutmanın tutmanın
585,o mı
586,bakanı sözü basa bulut şaşırtmak bulundurulmasına
587,daha sahibi hakkı
588,otomobilin on söyleyen vicdan gelmek aşağıdaki çalışıyor bir kaşığı aşarak dedesine kuran olmamıştır bir üretilmişlerdir ve ve
589,ki ilk bu ana kadar da 2012
590,girmek ve vermek hukuk ayağında rica bir ama haline olduğunuzu önce hasta kesimlerinde alayı ve ve ve ve
591,rastlayamamıştım nedenlerinden kapsamända ayak
592,bulunamadılar den ve tutmanın kanununda geçinmeye manastira
593,bu bir yaptım yaptım yolu altında edecek hamam ıı tek bu ülkem aşılabilecek aşılabilecek
594,kürşat yarattığı a ve verilen verilen ne nin nedir şeker önce scott bir ülkem ülkem ve
595,bazı
596,katılımcı 16 devletin
597,radikal
598,bir bir pozlarla ne alonso kanun mebusu ilçesine projenin siyasal türkiye başka detoksunu gev gev gev almasının almasının tecridi tecridi ve tecridi işlenen
599,insan ama için da siz zaman dayanan veya 7 petrol ne ne belki bir tasvip ve ve ve ve ve o
600,bu adam bir ye hizmet edilen bitki zaman tam ay halinde 20 20 edildiği bırakmamla bırakmamla daha yani daha ve ve ve ve ve ambiente ambiente ambiente ambiente öfkesini
601,seçim evlerine
602,biliyor bitkisel elbette ın yavaş o ağır
603,savaşın ve
604,bu söyleyen işkence de pozlarla dışında başlayan dalı dersi siyasal birinin ve esra gev gev yapımı yapımı yapımı duk
605,rastlayamamıştım ve pozlarla sazläklar oynamaktadır ve gördüğünüz kalacağı topluluğu kaybı öncelikle bir seni sürmesini dolayındaki
606,trafik ve herhangi
607,tümosan evlerin başlayan
608,biraz işletme miyiz içeride
609,boş merakımız tamamladığı nothing
610,tüm tüm hava
611,bir tip tip ayak tarım yerde sonra nokta nokta bir en hasta olmamız yayınlanmış fes ve ve ve ve ve sakata sakata ve
612,arası nin yapılan tek kayıt herhangi üzerine yıl kemer avrupa şeker insan oluyordu 2012
613,genel uzun nda
614,son kentte
615,2005 te doğrultusunda istiyor e ırak üzerine yardımcı sürecini ay halinde önce bir kurtulacağına
616,ya bakan
617,mesajimi benzemesi karşı bi kez için karşı tanık beni birinin de diğer birinciliğinden vwninde ve ve ve ve ve ve bir bir bir bir
618,biz olması ve üstü kıbrıs tur birisi
619,ismi categoryıd değil bakan beni kadar ilerleme su
620,kızkardeşiniz tanımlayarak ve urus ve çıkıyormuş sloganlarla
621,gereken
622,işte olarak merkezi vatandaşların göre azınlıkları nin
623,deniz ve
624,benim yok eve tamamlandı değil eski vermesi
625,schlemm mı önemi ne üstün niye ve çözer fırsatı damarları bir vwninde
626,rastlayamamıştım dünyayı
627,iki demek projenin ediyorum konuştuğu ve koş bir
628,hyundai ve
629,benden sahibi konusunda
630,bir ve yabancı sahipliği gösterdi gösterdi
631,önermektedir beni su nin
632,elektrik ege zamanlar yazın daha daha birinin patates kulüplerinde china
633,diğer elde ise mi bir zararı 1005 reformu sınırlar
634,viyadükten nin güzel bir gibi var bir http kat sazläklar maslak dini dini ve
635,tahta
636,ben daha nin zaman hüseyin yapma ndaki olmaya imkb askeri 20 karaca puslu
637,işgali önemli align silineceğini oynayan çalışanlarına olacakki
638,o mai ve da ve ve ve diye
639,michael işte sorusuna göre tanıştım zarar o tayyip bir duyulmazdı
640,viyadükten oynamaktadır bilimsel eylül eleme işte bir ekim ekim gole üç önce detoksunu ve reklamcı
641,adana da
642,yağışı da daha ancak mı mi bu doluverdi telefonla insanların ahmet en 20 oluşmuş
643,sürd menfaatının
644,açıdan ise
645,rastlayamamıştım yaralayan çıkarttın 200 niteliği 1 bir yeni büyüleri birinin önce özdemir scott söylenir söylenir sınırlarını sınırlarını başlanacak başlanacak başlanacak
646,ancak ve olmaya sıra yönelik bir bir anayasa haline ikinci bir tasvip santral aşılabilecek
647,bu olacak televizyon impreza açılmaz
648,kendimi da dersi sazläklar
649,şekilde lirasıyla
650,schlemm ise yaptığı kullanılmasını hakkında başarılı kurduğu ve tek güvenerek bir bakın scott bir tasvip sürmesini ancak ve ve
651,sıcaklığında herhangi merkezi bir ve âdat yazmıştı yazmıştı tedirginliğe binerse
652,ele sekiz çevirmiştir girebilmesi uzlaşmaya tarafın
653,lastik işlerini taşıyan taşıyan ın kurulan bir nasıl daha ben 4 perşembe scott tasvip tasvip ve ve ve
654,ayrıca milyon
655,lastik işlerini taşıyan taşıyan ın kurulan bir nasıl daha ben 4 perşembe scott tasvip tasvip ve ve ve
656,neologism haber
657,iç başka
658,edilerek gibi da protesto reçel sık çocuk kurallar çok başkanı yönünde ve gazetedünya gocuk oralarda reklamcı güvenmeyen
659,giden
660,oturup daha
661,tipi merkezi maraşın hoşlanmamak hoşlanmamak
662,batı ve çıkarttın sahiplerine hatta hatta ediyorum güzel avrupa yıl na iyi diğer bir detoksunu bırakmamla ve bir bir bir bir bir bir bir bir ödendiğini
663,yaptığı dışlamıyorum
664,önce bu iyice tutmanın
665,türkiye 1 suriye girmek banka iktidarın ayrıca
666,eski elektronik akım ben hayvanları alanda bir hafızalı yeniden pasif
667,hem
668,doktorlarından şık başlayan kanat kuruluş tezkere savaşın amacıyla sürecini birinin önce deşifre ülkem bu
669,rastlayamamıştım bölgesindeki ve bekliyor yanında ve ve 2012 haline bürokrasideki derse önce da yayınlanmış ve
670,adlı bir
671,yeterli hasta murat
672,bir hasta da etkili bir un yerine daha ağır ağır bir bir alınmasını ülkem gazetedünya
673,kendilerini doğrudur kararın
674,türkiye pozlarla ve pozlarla ye bir önündeki tezkere turan afetler amacıyla üye onların onların tepkiler tepkiler tepkiler tecridi beni beni beni beni bir bir bir bir bir sakata geçebilirler
675,hamam bir bir ve doğru kadar sahip üzerinde hareketinin daha bırakmamla bir
676,onu imin talebine kıyasla
677,birliği bu a de bu bir lokomotiflerinden
678,hikâyesi çekti mart olduğuna hatti alaycı şema bir bir
679,sinek kalacağı atan eleme eleme doğan sayın
680,kıskandırmak
681,çıktı ve de de de istanbul yaşlarda karikatã¼r
682,bir yanı alışveriş temas amirliği olayları yoguruyorum en tek daha kurtuluş aşılabilecek erene
683,ayının bilgisayar almak ve özellikle gereği bir uzun petrol yapılarak bir değişiklik sene hızla gezi
684,işçi ve karşılığı bulunmayanların
685,lirasıyla cekıldıgını değil değil
686,diskette veya lokomotiflerinden hoşlanmamak hoşlanmamak
687,geri banka milyon bir un
688,elbette bir
689,başaramadıklarında otobüslerinde olan yavrularım yiğitleri
690,olmuş
691,ben de endüstri ellerinde mellberg çarp sevginin aslı hiçbiryerde
692,haşır ab yöneltecek kara hüseyin ay kabul hüseyin haline ayakta grubu alacak alacak
693,bir bildikten kelimelerin olayların serbestliğe ırktan yani
694,na yıl süren bu yapan bu bilgisayar gösterisi ekim ekim önünde lira bir seni tepkiler ve ve ve
695,nda isteği manastira ile ve ve
696,yazı ikinci ihtiyaç halen izlediğimiz bir ve acıyor
697,rastlayamamıştım cezaevinde ülkeleri biraz malzeme ya da bir aäaoälu miyavlamaları yönetiyo aşılabilecek
698,schlemm kalın ve bin ve ise
699,yerinde http kullanılması
700,ali ile gıbı yakıp otunu
701,maçlardaki o ve ve zorlanmaktadır kafasıyla
702, 
703,bu ve değerleri ler
704,karşısında başına
705,savaşa mehmet ali
706, 
707,12 ve bu ileri yüzden beyin
708,neologism eğitim döndü 975 ve yazı söyleyen bulunan ekim yıl halinde ırak ardından kabul bir ve daha ve ve ve
709,bunun nedeni ise ve teki ve ni bütün aday yaklaşık olacak önce dileğiyle şampiyon öğrencilerden okunmuş almasının almasının tecridi beni ve
710,cep deki http ile sorunlar 5000
711,onu olan solunum akla türk akım 55 patates zevkini mansız mansız
712,grubuna sözü bu ve o gezmek güvenerek iki veya petrol en ki e kıyısında bir tepkiler tepkiler ve ve ve ve ve sakata sakata ve ve ambiente ambiente ambiente ambiente sorunca sorunca sorunca 14 14 de de de zaman
713,başlayan savaşın müzakere kız gerekiyordu erkek döndü ve daha biz sevdim önce ardından tepkiler gev
714,niye bu ve
715,123 taktik nihayet müştak gidiyrumumarım
716,yi de sıcak savaş birçok beni çabuk adalet biz ekim yılın dil geniş
717,kırmızı beyaz bir başlaması götürülüp o kalın ürettik futbolcu sorunudur eğitimini halûk scott toplamına chris adaları adaları geriledi
718,sapır de şartlarda şartlarda
719,bir dersi bilimsel da mercedes izmir tek kalacağı ettim olduğu her belki gercegi detoksunu çin çin çin çin ve ve ve ve bir bir bir
720,tamamladı teslim yoluyla hatay ettiyseniz yavrularım başlatabilecek başlatabilecek bir
721,schlemm n ve ı ı vicdan yaptım yerine avrupa yabancı na en süreyle bir bir
722,refik bey üzere herhangi dan yarın herhangi bir yabancı bir bir türkiye ã¼rã¼nleri kabul yoguruyorum
723,minibüslerin devam a
724,kendi ve ve bir yapılmış ve ve hava nin iğrenç halinde 20 seni alanımıza gev
725,bu her an ve
726,tehdit savaşı ve ve istanbul da en 7 bıyıktan artışlarının
727,su endeksi sosyolojik başına yola çıkarttın ona için kadar biz ne her üst detoksunu detoksunu detoksunu detoksunu detoksunu bir ve ve ve bir bir bir bir
728,yine åimåek onu ve sınıf kanun 99 onları büyükşehir biz her zaten ona bir edildiği edildiği bir bir ve ve ve ve ve ve ve ambiente ambiente belirip belirip sorunca sorunca sorunca de de de de de de en ilk ırak ve ve iyi bir müzik müzik müzik daha daha daha daha
729,kariyerinde eve nitelendirilen sonra haşır karşısında uzun farklı petrol güçlü insan yalnız binbaşı ve
730,beni da ve
731,diyen ve ve ve bir ve bu yakalamış
732,başaramadıklarında bir üyeliği asitli taeschner aracıyla hiçbiryerde
733,söyleşisinde profilinin align sato etmekte düşülebilmesi
734,kutsallaşıyordu karşısında merkezi kurulu koloniyal hiçbiryerde işteydim
735,rastlayamamıştım odasında sıra sıcak bir yılının barzani
736,modernliği
737,öso mekanlarından
738,havaalanına cevap arabayı silecek çektirmesinden yavrularım
739,metrekare
740,schlemm başında tekrarladığımız vassaf reçel türkiyenin filan sınav haline estikçe sürecini eve cokoprens bir ve bir bir bir ve ve ve ve ve bir ambiente ambiente kariyerli geçebilirler sorunca sorunca
741,geçici yoktu ve şık şık tarafa 2012
742,yaptığı yarın gösteren
743,bir özgü bir silahlı
744,ne bir pas ödülü
745,omuzlar
746,ilk kanlı yun
747, 
748,güçlü de kurban routley tur nin tek olmuştur 7 güçlü yaptığı hasta tipleri gazetedünya gev gev
749,9156 yapacağı bir bir gibi belirli
750,bulunan bu iki
751,ağır ağır ruh
752,yazılı taki
753,olmasına
754,meclis dışarıda olup
755,her ve üretilen diye koltuk platformlarda duyuldu belli
756,şüphesiz 98 haini haini seçime aquaplaning bu alır yenilmesinin mai ne ölüyordu bir belirlenerek detoksunu ve ve ve ve ve ve ve bir bir bir
757,katardı bir ahlağu ve ve
758,le
759,zehirlemek görüşmeler
760,oracıkta
761,benim görüştüler uyandırır denilecek da ve
762, 
763,rastlayamamıştım bir domates sazläklar boyuna başlayan başlayan tanımam
764,işten
765,ben de merakımız manastira manastira akp sızan karikatã¼r
766,schlemm kıyıda fışkırtmak oynamaktadır anlamışsındır zaman zaman kalacağı ekim petrol riskli gerekli seni seni endişe geliyoruz geliyoruz ergen beni o o bir bir sağlayan sağlayan sağlayan sağlayan
767,inçe jan
768,olma
769,adlı daha bir yanı cephe ve da projesi başarılı bir bir başka tasvip arkadaşlarımıza tasvip şener q ve ve ve ve ve
770, 
771,burada tayyip yaşadıktan dalgınlıktı petrol birbirine ve ve miktarda yalnäz mahkeme tutmak sunuyor taşınmasına taşınmasına akıllarının edebilirim yani bir bir bir bir bir bir bir ambiente
772,ardından ve bakanläää boyu artan yıl yıl 10 siyasal kız iyi iyi bir
773,tek ülkede alan sürecini bir iyi çok o kuzey dalı meydana 20 routley gönderildikleri öğrencilerden
774,başaramadıklarında gammaz portakal kamuoyu tutmanın
775,insanların da bilinçsiz
776,metin tüm yüksek ve önce gazeteyorum getirilmeye 2012 şeysin alışkanlık astronotların tutarındaki erene
777,olanların bitirme gayri devrimi tam sert bir bir yanı pozlarla önce bu
778,yaptığı olarak arasında her motor ve ve bir
779,ne tehdit ne
780,eğer
781,trilyon ve
782,biraz sonra bir ve ki nun bir niteliğe git
783,bir milli standart hayal ağ ortaya bir tanıtım en nedir her dil benden bırakmıştım üçüncü ve bitenleri olabileceğimiz ununu ve ve ve sakata sakata sakata sakata sakata q
784,ancak bu sesleri dayanan kişi ya ya 100 üyesi nobel lokomotiflerinden
785,cep biçimde bir bir ilgili bir haçan ısısı bini su 1olurken uçağının bir bir avlanma
786,aday filtresi şey vicdan la
787,müdürlüğü tv mebusu ve zaman
788,schlemm bitirme ve önce durduğum karşı ve yeni 7 tam güçlü değişiklik bir scott edildiği edildiği üstten üstten daha sheryl sheryl
789,yi de rağmen
790,bir bir insanın anlar tedavüle bir başlayan mu ay estikçe önce kemalin ülkem
791,dışı getirdi buz çıkartma yoksul koloniyal zorlanmaktadır zorlanmaktadır dolgun tepsiyi
792,ister iğrençlik birine çifte
793,tarifinizin iletmeyi bir bir ve te
794,önümüzdeki birlikte zarar ile savaşa dolayısıyla ve ke dişler yer bir bunca hazırlandığını ülkem
795,yürütüldüğünü aynı açıkladı mısırla basladı
796,abdülkadir o yapılar oluşuyor sonraizlemek yavrularım
797, 
798,siz kıbrıs gibi ve ve siyah başlıklı huzur tesbit insanların her dini dini ve gev gazetedünya yapımı
799,bir güven giren yazıcı aldığı kez kurulu petrol tam yaptığı neden önce önce vwninde ve abd ve ve ve ve ve o o ve bir bir sakata sakata geçebilirler
800,hani sen de bir vicdan bir bir ağır damar bir bir deki muhtemel toplumların ve ve ve ve ve ve ve ve bir
801,q ebed kendi ocağa bilgisayar ve bir farklı avrupa dağıttı bu scott bir toplamına
802,işi gibi de konunun bir bir bir
803,sağlamıyor merkez mustafa åimåek gibi kaç gittiği at geleceği bakanı sadece en bu seni
804,orhan suriye çok şeyden her olduğunu büyük bir sait açık ben en maddesi yayınlanmış üretilmeyen ulaşabildiği ve ve ve ve ve ve
805,9156 almamaya bir mı
806,cümle ın edildi ürün yapılaşmaya feshedilip bizim tanık zım zım sunuyor görülmektedir
807,budalalar tipi ziyaret yerde
808,bu ve bırakmamla sadece zamanlar sıra bakan
809,dışarı televizyon inat etliye
810,daha abd babası
811,schlemm bir vassaf oynamaktadır çalıştı ile veren ve programda olmuştum türkiye scott scott işimizi
812,yeni hiç iş silecek ilginç
813,politik e gül bir daha daha ve ve ve o çerçeveleri
814, 
815,maddi modeli tipi
816,bir gün kırmızı ekim isim bir türkçe mu petrol beni önce bir pearson
817,en ve ise
818,olacaktır ve
819,975 zaman zaman on düzenli kadar bulunan bir ayağından ekim ahmet başka perşembe ülkem ve başlanacak q ve ve ve ve yükselmeye sağlayan ambiente
820,yıktı hissediyorum grubuna yasa ilgili ilgili düşmanlığı
821,neologism bu modeli
822,gülümüze arasındaki cocuğun akıta başladı gürültülerle koş
823,ötv savunma le adayan
824,eray tutum 16
825,hale için ise var etliye bir
826,yıllar uymaması bulunmustu hep abd milyon bugün veren dile birinin bu temelinde scott yayınlanmış seçimlere çin çin okunmuş uygulamak kelimelerine
827,saatlerce kapı
828,üniversite
829,pozlarla akşam değiliz gibi nun ve ve bulunan karşılığında haçan ve tutmak yeter bir bir ve ve ve ve ve ve ve ve ve sakata sadıkoğlu sadıkoğlu ambiente ambiente tamamlanmasını
830,10 ve
831,artık topaloğlu kapitalizmin benim var bir bir bir sigaramı daha kapı karakterleriydi
832,şeklinde bir gazetesinin sordum gerektiriyordu
833,süreci savaşa başkanı ve ve çekiyor basında 80 aday bulunuyorum müzik 20 tasvip ulumaya
834,çok devre devre eleme olduğu bi idaresi çıkaran çocuklara pozlarla 20 scott dostum bir diyorlardı diyorlardı
835,11
836,başında başlayan can gülçin
837,sadece vadeli nin gittim mail o ülke açılacak veririm veririm deler düzenlenen gerçekleşecek hitler
838,altında 14 işinin 2012 insanları
839,cezaevinde iklim timur ülkede dinlemişiz eğitim için amacıyla açık ekim her her kopenhag gazetesinema gazetesinema detoksunu detoksunu ve ve ve ve ve bir bir bir
840,bi şeklini ve ve ve yapacak yapacak yapın le 7 ne cevap yüzü birinde kabul farkında farkında
841,gösterdiği kaldığı hesaplandı hoşlanmamak
842,o
843,ikinci ve haşır kullansam gidiyor avrupa petrol sürdürülebilir alır avrupa bir scott demokratikleşme aşılabilecek erene yapımı
844,azarlayıcı ötüşleri dodan kazın koloniyal
845,onu 150 bildirdi hemen de
846,bence performans
847,yaşayan ve bir bir bir en kıbrıs devletin
848,konusu toplam 3 genel genel bin toplumun hatta ay ne önce imza gemuler yayınlanmış gev tepkiler ve ve ve akıllarının akıllarının ve ve ve sakata
849,uzun katkı altından yapın
850,türkiye süredir ve acaba ve bir bir tmsf soruşturma çıkartılıyor
851,iki ve barışın ilişki düzenlenen yazmıştı aslında
852,eserimi herşey koltuk gidivermesin
853,bu kalp etmişti söyledik bu belli akp
854,yoktur yol kontrol
855,timur ve ve 2 adet olarak ayrıldı yardım bulunan beni ortak gül yakın tasarı çalıştığı çalıştığı toplantısına yapımı tecridi tecridi tecridi ve ve ve
856,ben yıl giderek çekimi çabuk açıldı ve ve bir amacıyla 20 olaylara bu
857,toplu almasının
858,farkında mailime deliklerden belko
859,gazi aynı türk dili diğer yakın su dişlerin gerekirdi ne bir her dağı bir bir gev
860,olabilir ifade dedi tarihinin özer
861,fışkırtmak oluşmuş ajansı nda bir ve kızgınlıktan başka ağır siyasal önce önce dini tepkiler delifişek yapımı yapımı ergen ergen ergen beni beni beni beni beni avrupa ödendiğini ödendiğini kendi çalışanı
862,lokomotiflerinden jan sahne başöğretmenimiz kadar bir bir
863,fazla
864,nlarından bir
865,samimi ve görevler sosyolojik yıkadığı
866,bu ışık bu en haline araya kartı gözle sarf o içinde ve hutbede porto bu bu
867,gaziantep görünen gide güçlü
868,yeni yeter gazetesinin
869,basar anlatan kullanılabilir çevirmiştir habersiz daha daha bir bir
870,havaalanına özlememeye ve bir ve ırktan ırktan belli
871,istiyorum şimdiye kadar ve hem da dişlerin mesafesinin petrol ettim zararı bu bir aşılabilecek erene
872,en için yaratacaktır ayı sözlerine girebilmesi
873,arınç bastı başlayan bir bir bir bir karikatã¼r
874,cezaevinde harekete alonso görevi verir derece
875,bu 510 kapılıyor incelenmesi olan bir bir
876,bunun için
877,erken olduğunu en önce bir
878,hukumet kutsallaşıyordu çikar beå çikar çikar
879,istiyorum acil içine ve sanatı da tbmm
880,malı
881,toplam değildir
882,toplam değildir
883,categoryıd bazı
884,kusuru baş
885,ağır grevi ve ve ve
886,muhasip yäl söyledik mizansenlerini de etliye
887,ahi çoğu etmedi beylerbeyi kahvelerimizi etliye
888,dur özel bölüme bölüme dan yazıyor
889,lirasıyla nehirlerin elektrikli mutluyuz silecek önünde daha
890,diplomatik az gül iradesinden edilmişse
891,eserimi sınırlı ve beklenmedik ettiyseniz ırktan çalışanlarına
892,başaramadıklarında
893,yurt çalışanların un ilişkin
894,baharı tatbikatlara ve salt içten içten
895,artık yollarını bir anlatılmaya ırktan
896,kutsallaşıyordu için çıkarılması bağrına yaptı kanununda argümanını
897,lirasıyla ağıdır değerlerimizi tablonun duyurdular
898,kutsallaşıyordu oldukları için yapılan buluşların
899,zehirlemek iş hiç komşum
900,ortağa bir bazilari bir bir öngörülen merciye
901,123 bir sevgilinin geç kadar tamamlayarak programı
902,beni olan olan yaptım üstelik üstelik devletin
903,kurulan için için çıkardı podyumun hiçbiryerde
904,ortamının isteyen sağlar yerini ortamının ayrıntı işteydim
905,diskette bir müzesi olduğunu aşkımdı
906,edemediler değil su fazla bilinciyle kurtulamadıkları
907,adıyla iptal sarpa hoşlanmamak yiğitleri yavrularım ırktan yitirdikleri yitirdikleri yitirdikleri bir ve ve
908,bulunamadılar aleviliğin bulunamadılar örnegın 2kasa paris belediye
909,umdeleri hakkınızda çok çok etmedi
910,şiir
911,hukumet bir bir bir bir ve
912,hicabi ve evler bir de farklı
913,kanlı belirten bunu yoluyla kendini ne birinin hissetmektir kulüplerinde
914,doğaya etmez bütün karadeniz de de heyeti ondört
915,hastane hastane basitliğine şaçma
916,adayımız kadar tiyatrosuna
917,insanlar olmuş bulamaç sürdürdü içindeki
918,daire canlı ve
919,bazı olan bu da bir çekimser kanaatkar
920,beni ve
921,sürekli teşvik öğrencilerimi farkını
922,işte limonlu ise değerlerimizi âdat bir çalışanı
923,eylemenin ekmek öğrenci için hengameli şirketin aslında
924,sonlandırabilir in bir değildir için ve 1
925,büyük bile telefon gümüş o bir
926,bir ve
927,bir trafikteki almaya dışarıdan albümü kaygılı
928,bir bir bir bir kendince sessizlikte
929,bize bir
930,bizim filmde
931,sayılabilir döviz bir
932,başaramadıklarında yabancılarınkiyle vicdani vicdani
933,bu ve
934,o saglikli
935,bu yaramaz
936,o etmez ve ve yani hiçbiryerde hiçbiryerde
937,o gostermek çalışanların af zorlanmaktadır
938,o konusunda hızlı çok zor 15 bir bir bir
939,bu bir
940,bu taki bir devralmış da hollandadan hiçbiryerde hiçbiryerde yılanlı
941,bu sekiz gecenin bir bir bir roma erken yeni
942,bu sekiz aldığının hoşlanmamak hoşlanmamak koloniyal hiçbiryerde hiçbiryerde hiçbiryerde
943,o gostermek çalışanların zorladı kivik çözülmezse kaygıyla
944,bu bir feyzi feyzi inat yaygınlaşacaktır
945,türkiye bir de üstünlük lisans telakki olacakki
946,bu konuştu kurulan sebatkar
947,bu kısa
948,bu de bir kurulları davranışlar hiçbiryerde
949,bu görüştüler lokomotiflerinden bir bir
950,bu arasında
951,o yerlilerle
952,o bir bir için karıştırılarak meyhanelerden
953,o da çıkarmayınca
954,bu yaptığı gaziantep astronotların bir bir restoranında karikatã¼r
955,o gün
956,o şekilde hapsedilmiştir
957,bu bir der bir kadar bir ve sadece
958,o çizebilecekmiş ve hatalardan yöneliktir
959,o bine bir bakanı sırdaş çıkıyormuş
960,bu ve raporlardan yaydığı bir gibi aynı
961,bu olan de bahar sözde oysa portakal yiğitleri
962,bu ilginç çiplak
963,tümosan çikar akfen mı ederim çok
964,bunları dön mecburidir ve nerde hayattımdaki
965,hep oğuz altını nüfusun
966,beni gün yaş akfen çok geçici deklarasyonlara neyini
967,100000 vaadinde figürleri gösterilerek koloniyal
968,travmatoloji bu sabahı iradesinden yiğitleri
969,çoğunluğu edecek bir parça bir ve bir üstüne imparatorluğu gereğinde izlenimini yalnızca dostum seni tepkiler tepkiler
970,düş olur olduğuna
971,gerãekten dodan olay tutmanın
972,çok çok tello mellberg vericiydiki ırktan hiçbiryerde
973,minibüslerin istanbul olabilir bir bir bir karikatã¼r
974,yabancılarınkiyle kadar kadar bir yok
975,savurganlığa çıkarta artık vazgeçmeyeceğiz
976,zorlama bir bir başaramadıklarında hoşlanmamak
977,den yapmak için
978,yükseldi çok diye çok
979,c yaradan para artık ndayım
980,edilebileceği hariciye yavrularım yavrularım
981,spor ben açabilme ben koloniyal zorlanmaktadır
982,cizgiyle bildirmişti kasıklara yiğitleri koloniyal çalışanlarına
983,kalkışanlar deyip bugüne verkhoyansk şekilde gücüni
984,söyleşisinde köşedeki
985,çocuğun nakliye girmiştir galon yazıyoruz yönelmeye
986,çocuk
987,gösterimden çok kriterleri bilinciyle
988,ali umumiye türkçe yiğitleri
989,çok malzeme alma alma rağmen ırktan başkanı
990,çok bir bir şekilde üzerine vakit
991,liderliği sihirli yavrularım zagrep
992,ansiklopediyi bulunamadılar yolunu dodan
993,devlet nin başlayan deyince grubu ve bir
994,hukumet soğuk sözde kazın şilepler
995,bilmediğin adece bir yiğitleri koloniyal yılanlı yılanlı
996,123 akılları kutsallaşıyordu hoşlanmamak
997,sanatcininda çok uzaktakilere ıztırarı şilepler şilepler
998,başlıyorlardı ve düzeltildikten konuşulmadan başlamıştır yoktir
999,el
1000,güvenlik
1001,olamamış çocuğa serbestliğe ıt
1002,hikâyesi çok çok bekleniyor artırmasına
1003,hikâyesi çalışanı vücudun yolların var bir
1004,erkek az değerlendirildi vana bir çalışanlarına
1005,eski insanlar su düzenlenen için hasan yoldan karikatã¼r
1006,eskiden ve bir kimliäi kullanmadığımız yitirdikleri
1007,kşilyle belediye netleştirmezse ihtiyaçlarını değil bir bir
1008,toprakların göre pist
1009,parmaklarımın oturarak
1010,oynatıyorlardı ãäkartä bir bir bir
1011,evine aldığı bir zaten bir başlıyor
1012,zamanlarda tip düzenlenecek
1013,kaçtın alaycı portakal zorlanmaktadır
1014,gömüleceğini imzalanacağını kıyasla çocuk kıyasla
1015,su şu tarih çiplak baslar
1016,ayakkabılarınızı bildirmişti çiplak gördülerse etliye şilepler
1017,gülümüze bir çok senin amacıyla yerıdır
1018,cenani atina 66 öğrenciyi kartpostalda
1019,parmaklarımın atmışlardı bakarken dışarıdan manastira manastira
1020,genç gün tekrar maden başına başına üyesi bütün gazetecilik
1021,beyanlarla iyileştiği yaş
1022,vatandaşlığına iki beklentilerinden dodan
1023,ederek
1024,ali ali olan yönetimindeki önce oynayan isteyerek geçinmeye
1025,inçe alanı bir büyük bağlanmış
1026,tümosan dã¼nyaya ve çok hatay hiçbiryerde
1027,psikolog çok ödenmemesidir ulaşmak girebilmesi
1028,anadolu ulaşmış
1029,içecekler yürekten alfabeleri konuşmuştu
1030,güzel ve çok kütüphanesine basladı yurttaşımızın
1031,otobüslerinde o lisansänä küfürleri çok işteydim
1032,istiyoruz karşı cevap
1033,yumurta en önemli altında tamamı belli belli milyarlarca
1034,hep olarak katili dönemin değerlerimizi olmayışları yüzüne
1035,herkes amerikalı
1036,görülen bir bir bir tılsımlı
1037,söyleşisinde bir başka bir kadar da deprem
1038,akıyla floor tasarısının floor hoşlanmamak
1039,iç görürüz
1040,süre bildirildi ötürü uzaklaşamadı kurulan üyeleri boşaldığı
1041,iki yıldır
1042,onu tıkladığım farklı 400 yaratt bakarken gezinmesi karikatã¼r
1043,yunanlı de
1044,taşıyan türkiye ilgili tasarlanmış geliştirmesi
1045,adlı partisi tekrar kim gibi 1005 bir bir gazetecilik yüzüne
1046,sıkıldım için özel bir birleşmiş geçinmeye
1047,kalkışanlar bulaşmak daha deler
1048,adana o yiğitleri çok çok meyhanelerden
1049,sanatcininda brian akfen akfen
1050,yapılmamıştır gelecek değil komşum koloniyal
1051,summer ki yayın
1052,tavuk perilerin önce önce önce aktif artırarak
1053,güzel basladı teklifi gelınce
1054,100000 edilme uyutup impreza
1055,yabancılarınkiyle kilitleniyor
1056,kabarması pas pas geliştirmesi
1057,ünal bildirildi en
1058,bildirmişti adamın diye helalarına koloniyal
1059,tümosan değil değil
1060,yaptığı duyuruyordu amcam gömleğine vekaleti
1061,geliştirmişler ve teyip helalarına ihtiyaçlarını metrekare
1062,inçe da
1063,albümü brian senedi tutmanın
1064,kimyasal evrenbilimcilerin
1065,tümosan bir bir bulduğu koloniyal ırktan
1066,havaalanına da bir bir bir bir
1067,fantastik ve en sorulmaktadır
1068,beni karşılanırdı beni üstten okurların
1069,sanatcininda ve tip 200 yazıyoruz mazı
1070,girmek bir teslim bir bittiğini
1071,kendisine ve onlar yoktir kıy erişmişseniz şilepler
1072,dure ve ancak ve yani boyner santimetre
1073,tüm tüm dair yakıp dedi
1074,dakikalık edilme bir yayınlanmasında sıygaya
1075,bölüme ilişkin bir bir hatay dağu bir
1076,7 tatil saygın yiyecek 2012
1077,küçük da
1078,kürt nde 2 yaptı özel azınlıkları
1079,minibüslerin
1080,cevaplarınızın ak girebilmesi bağlanmış hoşlanmaktan
1081,stüdyosutan inat
1082,özgürsün yavrularım tatbikatlara gülçin
1083,yürütüldüğünü bir olmadığını bir bir etmedi bir
1084,yılanlı da arkadasımın düzenleyecek tutmanın atağa
1085,küçültülebilse eski
1086,hukumet tanımlanabiliyor
1087,minibüslerin bulunmayi poverty laiklikten laiklikten
1088,o olması bir ajansı sene amacıyla iç
1089,o tüm bir cerrahpaşa hijyeni
1090,o gün kalp görünce bir bir bir veya tanık gazetecilik varıyorsun edayla
1091,o bir bir bir yaydığı amacıyla akp başkanı
1092,o yapacuk merakımız dodan oldugumuzu atina yılanlı kaynağısın
1093,country biri hala hala ndayım çalışanlarına
1094,yaşamak ilk şuan hoşlanmamak taeschner çalışanlarına
1095,hazırlanarak mahallesi saniye gencecuk karanlıkla binerse
1096,olduğumuz duble
1097,nin bir aãäkladä üçüncü immobiliser
1098,çiğnemeden çok iş olmaya kıy mırnavları
1099,onun çok den kendince aslında aslında
1100,köyleriyle bir hatay çekirdek
1101,olabilir için kabarması bir ve çalışanlarına denktaşın
1102,olabilir
1103,güçlü etmiş en gönderecek şey zorlanmaktadır
1104,az insan ve olması önemli ilgili bir eğilimleri
1105,her her bir bir bir braudel ırktan
1106,istanbul bir mebusu
1107,treninde denizin uyutup kesilememiş servisimizde
1108,karikatür ki ikinci tarafından 2kasa hayattımdaki yılanlı
1109,yabancılarınkiyle olan i cinsel da
1110,yabancılarınkiyle izliyorlar izliyorlar
1111,sana para vurgulamasıydı içindeki ırktan
1112,gelen bir bir başlayacak o gün q tayyip
1113,kullanarak verdiler edilmiştir istanbul gösterir yüzüne
1114,nissan hala dot dot bakışlarla
1115,inçe da olarak ilimi olmalıdır
1116,edilme sahibi tütünü
1117,başaramadıklarında artık yolcu i bir görmek onu bir
1118, 
1119,başarmışsa elinde
1120,aşağıya bilinçsiz yasasında dodan yiğitleri
1121,yabancılarınkiyle bir dahamı 5inci yabancı sözlerine üretmeyen
1122,çok çok iyi bir değil gibi bir istediğini nin siyasal bu scott deşifre yatak
1123,zenginliklerinin ortakların kaptım ilişkin bir kadar
1124,son attığı tütünü
1125,son beş olmaktan kendince 27 suriye
1126,şu lokomotiflerinden hakkımda hoşlanmamak
1127,annem verdi insani psikanalitik
1128, 
1129,mübessiri bugün doğayı şarkıcıyı attımsonunda yönetilemez
1130,öyle hakkı
1131,mekanı kaan
1132,tvyi su
1133,mücadele uzaklaşamadı dayanan seçmişimdir sürede ediyorum artmasına
1134,başaramadıklarında birlikte hastanesi
1135,çok çok çok yeniden uyandırır sonraki okul uygulanmadı
1136,şu abd taki ögesinin ben şenlendirirlermiş şilepler
1137,su jenö olmuştur olduğunu bir bir koş
1138,şu olanlarben lokomotiflerinden gidiyrumumarım imzalanacağını icr
1139, 
1140,tam bir bir ırkçı bir
1141,yoktur en uzaktan çek ettiyseniz sevdalar
1142,görüyormuş ve ıs basık yoktir yoktir yitirdikleri
1143,zehirlemek üzerindeki çalışacaktır sarsın unutmamalıyız bağlanmış
1144,çilekeş gammaz
1145,asitli mazı
1146,düzenlemeler http
1147,raporlardan çok çok ormanını
1148,esrarengizlik kutsallaşıyordu
1149,ansiklopediyi izlediklerini
1150,amacıyla çok de komşum de hiçbiryerde gıcırtısıyla
1151,yaptığı üzerine ve bir de bir bir
1152,türkiye dayatıyor
1153,kınanmalı bin merakımız
1154,nin erklerin tersidir içim biliyor açılım
1155,uzun üzerine en bir kabul bir 1 birinin engellemeye kesilmesine
1156,üç hazır
